./dataset/videos/c0/Real/000.mp4,0,94.3878418,6.560529131285741
./dataset/videos/c0/Real/003.mp4,0,55.26987630208333,5.788421478588873
./dataset/videos/c0/Real/012.mp4,0,65.63344075520833,6.036359161545644
./dataset/videos/c0/Real/015.mp4,0,64.70215169270833,6.015741785231621
./dataset/videos/c0/Real/024.mp4,0,83.34349283854166,6.3809976580337695
./dataset/videos/c0/Real/026.mp4,0,72.89780924479167,6.187803554
./dataset/videos/c0/Real/029.mp4,0,45.643831769055744,5.5123480048787465
./dataset/videos/c0/Real/035.mp4,0,49.09200846354167,5.617416286670095
./dataset/videos/c0/Real/036.mp4,0,113.76485026041667,6.829911069140429
./dataset/videos/c0/Real/044.mp4,0,65.45049587673611,6.032332217481072
./dataset/videos/c0/Real/047.mp4,0,38.58764880952381,5.270067236351943
./dataset/videos/c0/Real/048.mp4,0,55.86334309895833,5.803830008067863
./dataset/videos/c0/Real/073.mp4,0,35.55945638020833,5.152161363836473
./dataset/videos/c0/Real/078.mp4,0,36.26723633,5.180594906707254
./dataset/videos/c0/Real/102.mp4,0,54.91040219907408,5.779007573433873
./dataset/videos/c0/Real/114.mp4,0,43.15621744791667,5.431496516055371
./dataset/videos/c0/Real/128.mp4,0,52.87497721354167,5.724513231391013
./dataset/videos/c0/Real/135.mp4,0,39.92134657118056,5.319088479360129
./dataset/videos/c0/Real/138.mp4,0,43.86498958333333,5.454998020845717
./dataset/videos/c0/Real/141.mp4,0,75.93353093286495,6.246665190386162
./dataset/videos/c0/Real/142.mp4,0,56.43607291666667,5.818545696912469
./dataset/videos/c0/Real/154.mp4,0,84.79095052083333,6.405838393456665
./dataset/videos/c0/Real/158.mp4,0,72.03682617,6.170662714680081
./dataset/videos/c0/Real/161.mp4,0,62.68720377604166,5.970099073274667
./dataset/videos/c0/Real/169.mp4,0,44.08213541666667,5.462122207190612
./dataset/videos/c0/Real/170.mp4,0,42.09759693287037,5.395665976825597
./dataset/videos/c0/Real/176.mp4,0,82.19006221064815,6.360892059765704
./dataset/videos/c0/Real/186.mp4,0,103.12552083333334,6.6882575954533685
./dataset/videos/c0/Real/190.mp4,0,54.306791087962964,5.763060713843555
./dataset/videos/c0/Real/214.mp4,0,97.81756928181109,6.61202171
./dataset/videos/c0/Real/219.mp4,0,54.21811848958333,5.760703143643102
./dataset/videos/c0/Real/220.mp4,0,58.423686342592596,5.868481485241911
./dataset/videos/c0/Real/227.mp4,0,59.685024956597225,5.899297097886404
./dataset/videos/c0/Real/233.mp4,0,57.526448567708336,5.846153502152667
./dataset/videos/c0/Real/249.mp4,0,88.07859338407494,6.4607195241208935
./dataset/videos/c0/Real/255.mp4,0,71.29517252604167,6.155732488407525
./dataset/videos/c0/Real/257.mp4,0,85.83663300304877,6.423521581453917
./dataset/videos/c0/Real/278.mp4,0,59.92907227,5.905184135270895
./dataset/videos/c0/Real/280.mp4,0,69.60909445745511,6.121203901989117
./dataset/videos/c0/Real/288.mp4,0,32.59664713541667,5.026651673
./dataset/videos/c0/Real/306.mp4,0,53.669975694444446,5.746043329644279
./dataset/videos/c0/Real/308.mp4,0,46.176060112847225,5.529073177957362
./dataset/videos/c0/Real/314.mp4,0,35.36482096354167,5.144243052481644
./dataset/videos/c0/Real/319.mp4,0,37.045935792349724,5.211243371997693
./dataset/videos/c0/Real/321.mp4,0,81.15494466145833,6.342607093804034
./dataset/videos/c0/Real/347.mp4,0,40.671535909445744,5.345947568281476
./dataset/videos/c0/Real/352.mp4,0,125.95186631944445,6.976728689455919
./dataset/videos/c0/Real/358.mp4,0,59.58682942708333,5.896921579601612
./dataset/videos/c0/Real/367.mp4,0,54.48183268229167,5.767703329022647
./dataset/videos/c0/Real/371.mp4,0,98.67216319444445,6.624571232399329
./dataset/videos/c0/Real/376.mp4,0,29.970658637152777,4.905478883847726
./dataset/videos/c0/Real/379.mp4,0,92.66251627604167,6.533913954569971
./dataset/videos/c0/Real/380.mp4,0,76.67233398,6.260634192514116
./dataset/videos/c0/Real/381.mp4,0,76.14576664126017,6.250691926538469
./dataset/videos/c0/Real/384.mp4,0,41.31384259259259,5.368553346111673
./dataset/videos/c0/Real/386.mp4,0,39.75771942515432,5.313163098558597
./dataset/videos/c0/Real/388.mp4,0,96.01233072916666,6.585147795923565
./dataset/videos/c0/Real/389.mp4,0,56.868183352623454,5.829549813191532
./dataset/videos/c0/Real/399.mp4,0,58.05144639756944,5.859260108310751
./dataset/videos/c0/Real/404.mp4,0,82.57700846354167,6.367668249499924
./dataset/videos/c0/Real/418.mp4,0,77.20547635,6.270631279
./dataset/videos/c0/Real/420.mp4,0,70.4853125,6.139250759619107
./dataset/videos/c0/Real/421.mp4,0,76.77270182291667,6.262521515917152
./dataset/videos/c0/Real/422.mp4,0,81.79496431,6.353940121625308
./dataset/videos/c0/Real/423.mp4,0,67.34398341694538,6.073477154423955
./dataset/videos/c0/Real/425.mp4,0,70.98113046448087,6.149363646216527
./dataset/videos/c0/Real/429.mp4,0,100.71513592479675,6.654136704129509
./dataset/videos/c0/Real/445.mp4,0,35.708416883680556,5.158192269004802
./dataset/videos/c0/Real/452.mp4,0,87.45852539,6.450527118705897
./dataset/videos/c0/Real/454.mp4,0,95.25388368462139,6.573706010152851
./dataset/videos/c0/Real/462.mp4,0,110.6205176,6.789475187127851
./dataset/videos/c0/Real/467.mp4,0,80.85425781,6.337251843394425
./dataset/videos/c0/Real/479.mp4,0,68.59979793595679,6.1001324217632575
./dataset/videos/c0/Real/480.mp4,0,83.74803819444445,6.387983490475931
./dataset/videos/c0/Real/485.mp4,0,85.93032542935207,6.4250954535587255
./dataset/videos/c0/Real/488.mp4,0,64.71171204137393,6.015954941183173
./dataset/videos/c0/Real/494.mp4,0,45.24080620659722,5.499552733761872
./dataset/videos/c0/Real/507.mp4,0,73.32525945,6.196238365672635
./dataset/videos/c0/Real/517.mp4,0,87.49587793068298,6.451143145786119
./dataset/videos/c0/Real/521.mp4,0,90.41235026041667,6.498447952068332
./dataset/videos/c0/Real/527.mp4,0,36.08307508680556,5.173250388675735
./dataset/videos/c0/Real/529.mp4,0,57.961255304783954,5.857016935509866
./dataset/videos/c0/Real/550.mp4,0,52.53517903645833,5.7152119105224015
./dataset/videos/c0/Real/552.mp4,0,44.31700195,5.469788381200956
./dataset/videos/c0/Real/579.mp4,0,60.42517891589506,5.917077934631508
./dataset/videos/c0/Real/607.mp4,0,55.273362750771604,5.788512481571554
./dataset/videos/c0/Real/608.mp4,0,79.43729861111112,6.311744657499126
./dataset/videos/c0/Real/623.mp4,0,70.75883463541666,6.144838383
./dataset/videos/c0/Real/625.mp4,0,78.82754557291666,6.300627949407451
./dataset/videos/c0/Real/630.mp4,0,93.24334309895833,6.542928825928845
./dataset/videos/c0/Real/633.mp4,0,71.59710286458333,6.161829306
./dataset/videos/c0/Real/634.mp4,0,68.61895182291667,6.100535183309457
./dataset/videos/c0/Real/650.mp4,0,81.94787538109756,6.356634641
./dataset/videos/c0/Real/660.mp4,0,97.49699652777778,6.607285871070411
./dataset/videos/c0/Real/661.mp4,0,53.248363715277776,5.734665288
./dataset/videos/c0/Real/669.mp4,0,28.84919922,4.850459368726164
./dataset/videos/c0/Real/670.mp4,0,86.28667969,6.431065958671516
./dataset/videos/c0/Real/675.mp4,0,63.20934375,5.982065931539797
./dataset/videos/c0/Real/682.mp4,0,45.114434027777776,5.495517181776305
./dataset/videos/c0/Real/683.mp4,0,60.07932773919753,5.908796764717708
./dataset/videos/c0/Real/691.mp4,0,39.909977213541666,5.318677550035224
./dataset/videos/c0/Real/695.mp4,0,53.27701533564815,5.735441357456629
./dataset/videos/c0/Real/701.mp4,0,49.49720920138889,5.629275279
./dataset/videos/c0/Real/705.mp4,0,29.85510587431694,4.89990578
./dataset/videos/c0/Real/706.mp4,0,60.85066213348765,5.927201056289831
./dataset/videos/c0/Real/707.mp4,0,62.99886319281811,5.977253890470058
./dataset/videos/c0/Real/714.mp4,0,70.79859483506945,6.145648822
./dataset/videos/c0/Real/724.mp4,0,113.97328317901234,6.832551867301336
./dataset/videos/c0/Real/725.mp4,0,85.46478298611112,6.417258153741765
./dataset/videos/c0/Real/731.mp4,0,50.445378472222224,5.656650198498187
./dataset/videos/c0/Real/732.mp4,0,106.61737847222223,6.736298804159304
./dataset/videos/c0/Real/739.mp4,0,131.68333333333334,7.04092895
./dataset/videos/c0/Real/741.mp4,0,51.664375,5.691097913
./dataset/videos/c0/Real/755.mp4,0,51.873538739266195,5.696926886556083
./dataset/videos/c0/Real/759.mp4,0,108.55343219521605,6.762261530953372
./dataset/videos/c0/Real/801.mp4,0,61.24459309895833,5.9365105781268435
./dataset/videos/c0/Real/812.mp4,0,95.47821180555556,6.577099641581293
./dataset/videos/c0/Real/821.mp4,0,69.38419651217228,6.116535195589603
./dataset/videos/c0/Real/842.mp4,0,115.59368648373983,6.852918792394123
./dataset/videos/c0/Real/847.mp4,0,101.58681206597223,6.666569314306552
./dataset/videos/c0/Real/851.mp4,0,63.88770508,5.997466412139559
./dataset/videos/c0/Real/855.mp4,0,80.11592447916667,6.324017127580111
./dataset/videos/c0/Real/862.mp4,0,41.844981553819444,5.386982706395354
./dataset/videos/c0/Real/865.mp4,0,100.14886091820988,6.646002201968827
./dataset/videos/c0/Real/868.mp4,0,80.54934696738023,6.331800987596474
./dataset/videos/c0/Real/880.mp4,0,31.550204475308643,4.979577450160411
./dataset/videos/c0/Real/896.mp4,0,45.68039713541667,5.513503288
./dataset/videos/c0/Real/906.mp4,0,46.62503713348765,5.543032969258501
./dataset/videos/c0/Real/917.mp4,0,76.73527057926829,6.261817945023588
./dataset/videos/c0/Real/919.mp4,0,50.49730469,5.658134480420092
./dataset/videos/c0/Real/924.mp4,0,53.449809027777775,5.740112888199449
./dataset/videos/c0/Real/932.mp4,0,77.44597330729167,6.275118324985205
./dataset/videos/c0/Real/945.mp4,0,69.1824707,6.112334632268288
./dataset/videos/c0/Real/949.mp4,0,57.52907227,5.846219299881388
./dataset/videos/c0/Real/953.mp4,0,77.43027344,6.274825831786995
./dataset/videos/c0/Real/955.mp4,0,63.008899739583335,5.977483712441967
./dataset/videos/c0/Real/970.mp4,0,49.219035823170735,5.621144491270297
./dataset/videos/c0/Real/973.mp4,0,48.748586805555554,5.607288491428205
./dataset/videos/c0/Real/974.mp4,0,58.71232638888889,5.875591517357917
./dataset/videos/c0/Real/995.mp4,0,43.20322591145833,5.4330671348850315
./dataset/videos/c0/Deepfakes/000_003.mp4,1,94.82147786458333,6.567141973622311
./dataset/videos/c0/Deepfakes/003_000.mp4,1,55.749095052083334,5.800876482
./dataset/videos/c0/Deepfakes/012_026.mp4,1,66.95721028645833,6.065167515402055
./dataset/videos/c0/Deepfakes/015_919.mp4,1,66.25223958333333,6.049897318977464
./dataset/videos/c0/Deepfakes/024_073.mp4,1,84.11719727,6.3943288760275925
./dataset/videos/c0/Deepfakes/026_012.mp4,1,73.37111328,6.197140270644859
./dataset/videos/c0/Deepfakes/029_048.mp4,1,48.76476464732651,5.607767188795523
./dataset/videos/c0/Deepfakes/035_036.mp4,1,51.09666992,5.675157365624699
./dataset/videos/c0/Deepfakes/036_035.mp4,1,114.3467188,6.837271157089482
./dataset/videos/c0/Deepfakes/044_945.mp4,1,66.94857313368055,6.064981403
./dataset/videos/c0/Deepfakes/047_862.mp4,1,40.05951649102264,5.324073103151974
./dataset/videos/c0/Deepfakes/048_029.mp4,1,58.22819336,5.863645951992489
./dataset/videos/c0/Deepfakes/073_024.mp4,1,36.70730034722222,5.197995109654637
./dataset/videos/c0/Deepfakes/078_955.mp4,1,37.58509548611111,5.232088763939378
./dataset/videos/c0/Deepfakes/102_114.mp4,1,56.12196759259259,5.810493684499399
./dataset/videos/c0/Deepfakes/114_102.mp4,1,45.87464844,5.519625196725093
./dataset/videos/c0/Deepfakes/128_896.mp4,1,52.93551758,5.726164132
./dataset/videos/c0/Deepfakes/135_880.mp4,1,39.174754774305555,5.291852338647105
./dataset/videos/c0/Deepfakes/138_142.mp4,1,44.51936111111111,5.4763609838734935
./dataset/videos/c0/Deepfakes/141_161.mp4,1,76.71245852849337,6.261388993315285
./dataset/videos/c0/Deepfakes/142_138.mp4,1,56.60262152777778,5.822796967
./dataset/videos/c0/Deepfakes/154_386.mp4,1,86.23737413194445,6.430241344586117
./dataset/videos/c0/Deepfakes/158_379.mp4,1,72.34964844,6.176914101
./dataset/videos/c0/Deepfakes/161_141.mp4,1,64.95887695,6.0214547854744485
./dataset/videos/c0/Deepfakes/169_227.mp4,1,48.90213867,5.611825655848881
./dataset/videos/c0/Deepfakes/170_186.mp4,1,42.15379340277778,5.397590559438448
./dataset/videos/c0/Deepfakes/176_190.mp4,1,84.19868682484568,6.395725827869575
./dataset/videos/c0/Deepfakes/186_170.mp4,1,102.86348476080246,6.684587124350323
./dataset/videos/c0/Deepfakes/190_176.mp4,1,55.04647810570987,5.782578357460546
./dataset/videos/c0/Deepfakes/214_255.mp4,1,98.52482191647151,6.622415331582817
./dataset/videos/c0/Deepfakes/219_220.mp4,1,54.749759114583334,5.7747807121133095
./dataset/videos/c0/Deepfakes/220_219.mp4,1,60.76300636574074,5.9251213465846035
./dataset/videos/c0/Deepfakes/227_169.mp4,1,59.835706380208336,5.902934750623937
./dataset/videos/c0/Deepfakes/233_995.mp4,1,57.85638672,5.854404320925084
./dataset/videos/c0/Deepfakes/249_280.mp4,1,88.75542544886807,6.471763406
./dataset/videos/c0/Deepfakes/255_214.mp4,1,73.16433268229167,6.193068606745077
./dataset/videos/c0/Deepfakes/257_420.mp4,1,86.17336763211382,6.429170160004602
./dataset/videos/c0/Deepfakes/278_306.mp4,1,60.368597005208336,5.9157263675114375
./dataset/videos/c0/Deepfakes/280_249.mp4,1,71.61592749804839,6.162208575771146
./dataset/videos/c0/Deepfakes/288_321.mp4,1,34.34336263020833,5.101959398421357
./dataset/videos/c0/Deepfakes/306_278.mp4,1,54.70084375,5.773491181370507
./dataset/videos/c0/Deepfakes/308_388.mp4,1,46.45083767361111,5.537632708646372
./dataset/videos/c0/Deepfakes/314_347.mp4,1,36.306446397569445,5.182153824
./dataset/videos/c0/Deepfakes/319_352.mp4,1,37.92402663934426,5.245040247525477
./dataset/videos/c0/Deepfakes/321_288.mp4,1,81.91224934895833,6.356007306870481
./dataset/videos/c0/Deepfakes/347_314.mp4,1,42.82285812,5.420309183371332
./dataset/videos/c0/Deepfakes/352_319.mp4,1,127.22944444444444,6.991288778935896
./dataset/videos/c0/Deepfakes/358_380.mp4,1,61.86594727,5.951073623403489
./dataset/videos/c0/Deepfakes/367_371.mp4,1,55.73873047,5.800608238210022
./dataset/videos/c0/Deepfakes/371_367.mp4,1,98.86021875,6.627318193648995
./dataset/videos/c0/Deepfakes/376_381.mp4,1,30.390477430555556,4.925547434482168
./dataset/videos/c0/Deepfakes/379_158.mp4,1,92.92811523,6.538043242331148
./dataset/videos/c0/Deepfakes/380_358.mp4,1,77.37445638020833,6.273785463119497
./dataset/videos/c0/Deepfakes/381_376.mp4,1,77.33541666666666,6.273057359589831
./dataset/videos/c0/Deepfakes/384_932.mp4,1,42.26185860339506,5.4012843107863056
./dataset/videos/c0/Deepfakes/386_154.mp4,1,38.77956838348766,5.277224841228737
./dataset/videos/c0/Deepfakes/388_308.mp4,1,98.68198242,6.624714793110322
./dataset/videos/c0/Deepfakes/389_480.mp4,1,56.734910300925925,5.826164826871336
./dataset/videos/c0/Deepfakes/399_488.mp4,1,59.899469401041664,5.904471318337545
./dataset/videos/c0/Deepfakes/404_429.mp4,1,83.13840060763889,6.377443088969175
./dataset/videos/c0/Deepfakes/418_507.mp4,1,76.28588324652777,6.253344205
./dataset/videos/c0/Deepfakes/420_257.mp4,1,70.894125,6.1475941710890805
./dataset/videos/c0/Deepfakes/421_423.mp4,1,76.81502604166667,6.263316643794812
./dataset/videos/c0/Deepfakes/422_695.mp4,1,81.57343653549383,6.350027526280746
./dataset/videos/c0/Deepfakes/423_421.mp4,1,68.49464186176142,6.097919229503427
./dataset/videos/c0/Deepfakes/425_485.mp4,1,71.18165983606558,6.153433669338613
./dataset/videos/c0/Deepfakes/429_404.mp4,1,101.23366996951219,6.6615453950156915
./dataset/videos/c0/Deepfakes/445_494.mp4,1,37.784594184027775,5.239726222859059
./dataset/videos/c0/Deepfakes/452_550.mp4,1,87.94861979166667,6.458589032046312
./dataset/videos/c0/Deepfakes/454_527.mp4,1,95.54563573380172,6.5781180711879665
./dataset/videos/c0/Deepfakes/462_467.mp4,1,110.39378580729166,6.786515153219349
./dataset/videos/c0/Deepfakes/467_462.mp4,1,84.77481445,6.405563816510828
./dataset/videos/c0/Deepfakes/479_706.mp4,1,68.01818191,6.087848538885948
./dataset/videos/c0/Deepfakes/480_389.mp4,1,84.16825846354166,6.395204361540677
./dataset/videos/c0/Deepfakes/485_425.mp4,1,87.17709797033568,6.445877273648205
./dataset/videos/c0/Deepfakes/488_399.mp4,1,74.55207601483217,6.220176621971558
./dataset/videos/c0/Deepfakes/494_445.mp4,1,45.32647677951389,5.502282119992444
./dataset/videos/c0/Deepfakes/507_418.mp4,1,72.41027488425927,6.1781225224831555
./dataset/videos/c0/Deepfakes/517_521.mp4,1,90.96851427115189,6.5072953856380575
./dataset/videos/c0/Deepfakes/521_517.mp4,1,89.75844727,6.487975814
./dataset/videos/c0/Deepfakes/527_454.mp4,1,37.41358615451389,5.225490352125204
./dataset/videos/c0/Deepfakes/529_633.mp4,1,59.286043113425926,5.889620606050304
./dataset/videos/c0/Deepfakes/550_452.mp4,1,53.32810547,5.736824170716465
./dataset/videos/c0/Deepfakes/552_851.mp4,1,44.83359592013889,5.486508311610326
./dataset/videos/c0/Deepfakes/579_701.mp4,1,60.22977334104938,5.912404925
./dataset/videos/c0/Deepfakes/607_683.mp4,1,57.32137056327161,5.8410012
./dataset/videos/c0/Deepfakes/608_675.mp4,1,79.41130208333334,6.311272446074208
./dataset/videos/c0/Deepfakes/623_630.mp4,1,71.52517578,6.1603792330272364
./dataset/videos/c0/Deepfakes/625_650.mp4,1,81.13112305,6.342183553743479
./dataset/videos/c0/Deepfakes/630_623.mp4,1,95.27828125,6.574075483168453
./dataset/videos/c0/Deepfakes/633_529.mp4,1,72.07752278645833,6.171477523282076
./dataset/videos/c0/Deepfakes/634_660.mp4,1,68.72550564236111,6.102773711176966
./dataset/videos/c0/Deepfakes/650_625.mp4,1,82.35267085873984,6.363743535029329
./dataset/videos/c0/Deepfakes/660_634.mp4,1,98.15547309027778,6.616996809
./dataset/videos/c0/Deepfakes/661_670.mp4,1,54.137782118055554,5.758563880245488
./dataset/videos/c0/Deepfakes/669_682.mp4,1,29.842389322916667,4.899291144097307
./dataset/videos/c0/Deepfakes/670_661.mp4,1,86.40292969,6.433008325956312
./dataset/videos/c0/Deepfakes/675_608.mp4,1,64.26659722222222,6.005997182
./dataset/videos/c0/Deepfakes/682_669.mp4,1,45.938128472222225,5.521620177139915
./dataset/videos/c0/Deepfakes/683_607.mp4,1,59.84477768132716,5.903153451630476
./dataset/videos/c0/Deepfakes/691_732.mp4,1,40.16164388020833,5.327746417196133
./dataset/videos/c0/Deepfakes/695_422.mp4,1,53.08459587191358,5.730221374310431
./dataset/videos/c0/Deepfakes/701_579.mp4,1,49.39079668209877,5.626170334712107
./dataset/videos/c0/Deepfakes/705_707.mp4,1,32.71969896565184,5.032087569855316
./dataset/videos/c0/Deepfakes/706_479.mp4,1,62.226833526234564,5.959464930021108
./dataset/videos/c0/Deepfakes/707_705.mp4,1,64.40279566744731,6.009051410680982
./dataset/videos/c0/Deepfakes/714_842.mp4,1,71.43916666666667,6.158643346498802
./dataset/videos/c0/Deepfakes/724_725.mp4,1,115.41626543209877,6.850702744820788
./dataset/videos/c0/Deepfakes/725_724.mp4,1,87.39248372395834,6.4494372995506595
./dataset/videos/c0/Deepfakes/731_741.mp4,1,51.430850694444445,5.684562111741377
./dataset/videos/c0/Deepfakes/732_691.mp4,1,109.65218055555556,6.776790692
./dataset/videos/c0/Deepfakes/739_865.mp4,1,109.04467122395833,6.768775460105435
./dataset/videos/c0/Deepfakes/741_731.mp4,1,52.65538736979167,5.718509241220219
./dataset/videos/c0/Deepfakes/755_759.mp4,1,53.39184475019516,5.738547492
./dataset/videos/c0/Deepfakes/759_755.mp4,1,108.89708140432099,6.766821478081725
./dataset/videos/c0/Deepfakes/801_855.mp4,1,62.706409505208335,5.9705410098249745
./dataset/videos/c0/Deepfakes/812_821.mp4,1,96.75606770833333,6.596280232405218
./dataset/videos/c0/Deepfakes/821_812.mp4,1,71.40718340355805,6.157997308349047
./dataset/videos/c0/Deepfakes/842_714.mp4,1,114.85669143800813,6.843691098934772
./dataset/videos/c0/Deepfakes/847_906.mp4,1,101.83313910590277,6.670063317432584
./dataset/videos/c0/Deepfakes/851_552.mp4,1,64.39989041,6.008986328
./dataset/videos/c0/Deepfakes/855_801.mp4,1,82.71050455729167,6.369998663828128
./dataset/videos/c0/Deepfakes/862_047.mp4,1,42.20198133680555,5.399238828362044
./dataset/videos/c0/Deepfakes/865_739.mp4,1,122.68166280864197,6.938775815694482
./dataset/videos/c0/Deepfakes/868_949.mp4,1,81.74457505,6.353051084742582
./dataset/videos/c0/Deepfakes/880_135.mp4,1,32.26972994,5.012109599010742
./dataset/videos/c0/Deepfakes/896_128.mp4,1,46.07377604166667,5.525873935793336
./dataset/videos/c0/Deepfakes/906_847.mp4,1,46.74374758873457,5.546701498904206
./dataset/videos/c0/Deepfakes/917_924.mp4,1,78.04038999,6.286149082406298
./dataset/videos/c0/Deepfakes/919_015.mp4,1,50.73694661458333,5.664964794491283
./dataset/videos/c0/Deepfakes/924_917.mp4,1,55.14380555555555,5.785126928189005
./dataset/videos/c0/Deepfakes/932_384.mp4,1,77.21188042534722,6.270750943831885
./dataset/videos/c0/Deepfakes/945_044.mp4,1,72.18448893229167,6.173616957698369
./dataset/videos/c0/Deepfakes/949_868.mp4,1,59.59744791666667,5.8971786477761325
./dataset/videos/c0/Deepfakes/953_974.mp4,1,77.98076605902777,6.285046422284259
./dataset/videos/c0/Deepfakes/955_078.mp4,1,68.01492838541667,6.087779528660335
./dataset/videos/c0/Deepfakes/970_973.mp4,1,50.657815675813005,5.662712965431413
./dataset/videos/c0/Deepfakes/973_970.mp4,1,50.727583333333335,5.664698527
./dataset/videos/c0/Deepfakes/974_953.mp4,1,59.07833680555556,5.8845573062955445
./dataset/videos/c0/Deepfakes/995_233.mp4,1,46.33056641,5.533892414782678
./dataset/videos/c0/Face2Face/000_003.mp4,1,93.21945963541667,6.542559244928303
./dataset/videos/c0/Face2Face/003_000.mp4,1,56.65872721354167,5.824226288143505
./dataset/videos/c0/Face2Face/012_026.mp4,1,65.85502278645833,6.041221574439266
./dataset/videos/c0/Face2Face/015_919.mp4,1,67.02934895833333,6.066721016
./dataset/videos/c0/Face2Face/024_073.mp4,1,80.36060221354167,6.328416470397526
./dataset/videos/c0/Face2Face/026_012.mp4,1,71.49883463541667,6.159847822381094
./dataset/videos/c0/Face2Face/029_048.mp4,1,53.51895255,5.741977975234231
./dataset/videos/c0/Face2Face/035_036.mp4,1,46.717434895833335,5.545889157533064
./dataset/videos/c0/Face2Face/036_035.mp4,1,111.9062695,6.806147055117319
./dataset/videos/c0/Face2Face/044_945.mp4,1,65.95368272569445,6.043381313905629
./dataset/videos/c0/Face2Face/047_862.mp4,1,42.37052534054487,5.404989111280936
./dataset/videos/c0/Face2Face/048_029.mp4,1,60.348567708333334,5.915247625857625
./dataset/videos/c0/Face2Face/073_024.mp4,1,35.11164713541667,5.133877771492198
./dataset/videos/c0/Face2Face/078_955.mp4,1,35.56036458333333,5.15219821
./dataset/videos/c0/Face2Face/102_114.mp4,1,60.88484848484848,5.928011345426014
./dataset/videos/c0/Face2Face/114_102.mp4,1,46.03776367,5.524745849776799
./dataset/videos/c0/Face2Face/128_896.mp4,1,53.05122395833333,5.729314131197016
./dataset/videos/c0/Face2Face/135_880.mp4,1,38.68506510416667,5.273704796689099
./dataset/videos/c0/Face2Face/138_142.mp4,1,47.76849681712963,5.577987573568141
./dataset/videos/c0/Face2Face/141_161.mp4,1,82.74779647435898,6.370648989189791
./dataset/videos/c0/Face2Face/142_138.mp4,1,59.97332175925926,5.906248976860511
./dataset/videos/c0/Face2Face/154_386.mp4,1,84.48051432291666,6.4005467128325755
./dataset/videos/c0/Face2Face/158_379.mp4,1,75.57818684895834,6.239898003067226
./dataset/videos/c0/Face2Face/161_141.mp4,1,64.95552408854167,6.021380318578254
./dataset/videos/c0/Face2Face/169_227.mp4,1,45.70775391,5.514367021072123
./dataset/videos/c0/Face2Face/170_186.mp4,1,43.46861207561729,5.441902126928698
./dataset/videos/c0/Face2Face/176_190.mp4,1,84.58889371141976,6.402396348784616
./dataset/videos/c0/Face2Face/186_170.mp4,1,102.7254509066358,6.6826498529095435
./dataset/videos/c0/Face2Face/190_176.mp4,1,53.491713927469135,5.741243524689323
./dataset/videos/c0/Face2Face/214_255.mp4,1,103.19970202323718,6.689294994932998
./dataset/videos/c0/Face2Face/219_220.mp4,1,54.63760199652778,5.771822261098901
./dataset/videos/c0/Face2Face/220_219.mp4,1,62.82806877367424,5.97333733
./dataset/videos/c0/Face2Face/227_169.mp4,1,64.09375108506944,6.002111800903829
./dataset/videos/c0/Face2Face/233_995.mp4,1,60.09182725694444,5.909096887
./dataset/videos/c0/Face2Face/249_280.mp4,1,95.60758964342949,6.579053243494235
./dataset/videos/c0/Face2Face/255_214.mp4,1,70.71885742,6.144023060720908
./dataset/videos/c0/Face2Face/257_420.mp4,1,97.01802734,6.600180940568082
./dataset/videos/c0/Face2Face/278_306.mp4,1,59.11722656,5.885506683072659
./dataset/videos/c0/Face2Face/280_249.mp4,1,78.85518329326923,6.301133683964293
./dataset/videos/c0/Face2Face/288_321.mp4,1,33.59909830729167,5.070350611074311
./dataset/videos/c0/Face2Face/306_278.mp4,1,59.00968967013889,5.882879966162957
./dataset/videos/c0/Face2Face/308_388.mp4,1,46.58101019965278,5.541670022418663
./dataset/videos/c0/Face2Face/314_347.mp4,1,35.594156901041664,5.153568524231646
./dataset/videos/c0/Face2Face/319_352.mp4,1,42.155586438301285,5.397651923985623
./dataset/videos/c0/Face2Face/321_288.mp4,1,82.63296549479166,6.368645538372261
./dataset/videos/c0/Face2Face/347_314.mp4,1,48.349679487179486,5.595434420912347
./dataset/videos/c0/Face2Face/352_319.mp4,1,128.57444661458334,7.006460134107798
./dataset/videos/c0/Face2Face/358_380.mp4,1,59.65271158854166,5.898515813804149
./dataset/videos/c0/Face2Face/367_371.mp4,1,53.3134375,5.7364273008790665
./dataset/videos/c0/Face2Face/371_367.mp4,1,103.34556929976851,6.6913327276791215
./dataset/videos/c0/Face2Face/376_381.mp4,1,30.49469075520833,4.9304861805832765
./dataset/videos/c0/Face2Face/379_158.mp4,1,92.65866211,6.533853946456641
./dataset/videos/c0/Face2Face/380_358.mp4,1,76.70393555,6.261228696713333
./dataset/videos/c0/Face2Face/381_376.mp4,1,80.33085286458333,6.327882288431455
./dataset/videos/c0/Face2Face/384_932.mp4,1,40.03324025848765,5.323126485922901
./dataset/videos/c0/Face2Face/386_154.mp4,1,40.17374228395062,5.328180953159599
./dataset/videos/c0/Face2Face/388_308.mp4,1,94.55336263020833,6.563056860980555
./dataset/videos/c0/Face2Face/389_480.mp4,1,56.13945167824074,5.810943067805379
./dataset/videos/c0/Face2Face/399_488.mp4,1,59.03266276041666,5.883441513152722
./dataset/videos/c0/Face2Face/404_429.mp4,1,80.23478190104167,6.326155877678408
./dataset/videos/c0/Face2Face/418_507.mp4,1,74.04749782986111,6.210379080510311
./dataset/videos/c0/Face2Face/420_257.mp4,1,73.38905164930556,6.1974929493813065
./dataset/videos/c0/Face2Face/421_423.mp4,1,76.10163736979166,6.249855589350297
./dataset/videos/c0/Face2Face/422_695.mp4,1,80.98995563271605,6.339671091064674
./dataset/videos/c0/Face2Face/423_421.mp4,1,73.39261429398148,6.197562982784652
./dataset/videos/c0/Face2Face/425_485.mp4,1,75.95340544871794,6.247042745774504
./dataset/videos/c0/Face2Face/429_404.mp4,1,103.08545247395833,6.687696942223647
./dataset/videos/c0/Face2Face/445_494.mp4,1,36.90474717881944,5.205734501710561
./dataset/videos/c0/Face2Face/452_550.mp4,1,87.45778971354167,6.450514983100603
./dataset/videos/c0/Face2Face/454_527.mp4,1,102.16300580929487,6.674729067092935
./dataset/videos/c0/Face2Face/462_467.mp4,1,107.41935872395834,6.747110203752559
./dataset/videos/c0/Face2Face/467_462.mp4,1,83.84398763020833,6.389635428
./dataset/videos/c0/Face2Face/479_706.mp4,1,67.12514660493827,6.068781428912585
./dataset/videos/c0/Face2Face/480_389.mp4,1,84.37440104166667,6.398733450548157
./dataset/videos/c0/Face2Face/485_425.mp4,1,86.78706430288462,6.439408118
./dataset/videos/c0/Face2Face/488_399.mp4,1,83.27343499599358,6.379784430670986
./dataset/videos/c0/Face2Face/494_445.mp4,1,44.15896050347222,5.464634306538394
./dataset/videos/c0/Face2Face/507_418.mp4,1,70.95427276234568,6.148817658770665
./dataset/videos/c0/Face2Face/517_521.mp4,1,98.75092447916667,6.625722349244375
./dataset/videos/c0/Face2Face/521_517.mp4,1,88.10342447916666,6.461126191026181
./dataset/videos/c0/Face2Face/527_454.mp4,1,36.422360026041666,5.1867525012096785
./dataset/videos/c0/Face2Face/529_633.mp4,1,57.80725887345679,5.853178759
./dataset/videos/c0/Face2Face/550_452.mp4,1,51.934817708333334,5.698630157430957
./dataset/videos/c0/Face2Face/552_851.mp4,1,44.29420898,5.469046188348379
./dataset/videos/c0/Face2Face/579_701.mp4,1,59.43565827546296,5.893256826961129
./dataset/videos/c0/Face2Face/607_683.mp4,1,56.37172260802469,5.8168997489388286
./dataset/videos/c0/Face2Face/608_675.mp4,1,87.20589554398148,6.446353766
./dataset/videos/c0/Face2Face/623_630.mp4,1,69.84267252604167,6.126036859557724
./dataset/videos/c0/Face2Face/625_650.mp4,1,80.43057617,6.329672149845434
./dataset/videos/c0/Face2Face/630_623.mp4,1,96.38764973958334,6.590776399009543
./dataset/videos/c0/Face2Face/633_529.mp4,1,71.64253363715278,6.162744454002425
./dataset/videos/c0/Face2Face/634_660.mp4,1,67.25984592013889,6.071673568808264
./dataset/videos/c0/Face2Face/650_625.mp4,1,83.33762369791667,6.380896058281459
./dataset/videos/c0/Face2Face/660_634.mp4,1,97.48042209,6.6070405928581035
./dataset/videos/c0/Face2Face/661_670.mp4,1,53.60277126736111,5.744235684942168
./dataset/videos/c0/Face2Face/669_682.mp4,1,29.083509114583332,4.862129445189514
./dataset/videos/c0/Face2Face/670_661.mp4,1,85.68928059895833,6.421042834884658
./dataset/videos/c0/Face2Face/675_608.mp4,1,69.42492405,6.117381789
./dataset/videos/c0/Face2Face/682_669.mp4,1,50.62529658564815,5.66178655
./dataset/videos/c0/Face2Face/683_607.mp4,1,59.24272231867284,5.888566031689175
./dataset/videos/c0/Face2Face/691_732.mp4,1,40.52472222222222,5.340730391672846
./dataset/videos/c0/Face2Face/695_422.mp4,1,52.16175202546296,5.704920422968563
./dataset/videos/c0/Face2Face/701_579.mp4,1,47.94675444,5.583361255980404
./dataset/videos/c0/Face2Face/705_707.mp4,1,36.768229166666664,5.200387789949409
./dataset/videos/c0/Face2Face/706_479.mp4,1,60.90550347222222,5.928500692039445
./dataset/videos/c0/Face2Face/707_705.mp4,1,71.08793068910256,6.1515327347175885
./dataset/videos/c0/Face2Face/714_842.mp4,1,71.01550564,6.150062154307789
./dataset/videos/c0/Face2Face/724_725.mp4,1,112.86562258873457,6.818462316513155
./dataset/videos/c0/Face2Face/725_724.mp4,1,89.35425455729167,6.481464518978683
./dataset/videos/c0/Face2Face/731_741.mp4,1,60.25261501736111,5.912951951843387
./dataset/videos/c0/Face2Face/732_691.mp4,1,110.65632595486112,6.789942118661813
./dataset/videos/c0/Face2Face/739_865.mp4,1,105.81884874131944,6.725452817
./dataset/videos/c0/Face2Face/741_731.mp4,1,52.53963541666667,5.715334284236107
./dataset/videos/c0/Face2Face/755_759.mp4,1,54.82421123798077,5.776741245721673
./dataset/videos/c0/Face2Face/759_755.mp4,1,107.5311289544753,6.748610552726506
./dataset/videos/c0/Face2Face/801_855.mp4,1,61.23851563,5.936367408319359
./dataset/videos/c0/Face2Face/812_821.mp4,1,99.73978752367424,6.640097224510923
./dataset/videos/c0/Face2Face/821_812.mp4,1,74.16816702,6.212728209847054
./dataset/videos/c0/Face2Face/842_714.mp4,1,116.5178027,6.864406590614594
./dataset/videos/c0/Face2Face/847_906.mp4,1,98.82389648,6.626788035
./dataset/videos/c0/Face2Face/851_552.mp4,1,62.526646050347225,5.966399227580124
./dataset/videos/c0/Face2Face/855_801.mp4,1,81.16609049479166,6.34280522
./dataset/videos/c0/Face2Face/862_047.mp4,1,42.77327907986111,5.418637906051037
./dataset/videos/c0/Face2Face/865_739.mp4,1,118.90718267746914,6.893692054565476
./dataset/videos/c0/Face2Face/868_949.mp4,1,85.04126627604167,6.410091173842041
./dataset/videos/c0/Face2Face/880_135.mp4,1,32.55299334490741,5.024718304493288
./dataset/videos/c0/Face2Face/896_128.mp4,1,44.61493815104166,5.479454935
./dataset/videos/c0/Face2Face/906_847.mp4,1,46.78827402,5.548075104645826
./dataset/videos/c0/Face2Face/917_924.mp4,1,84.77427734,6.405554675971961
./dataset/videos/c0/Face2Face/919_015.mp4,1,51.25467122395833,5.679611589154918
./dataset/videos/c0/Face2Face/924_917.mp4,1,62.46521990740741,5.964981228124632
./dataset/videos/c0/Face2Face/932_384.mp4,1,75.17885416666667,6.232255021698655
./dataset/videos/c0/Face2Face/945_044.mp4,1,69.39976671006944,6.116858908025313
./dataset/videos/c0/Face2Face/949_868.mp4,1,60.93858398,5.929284071733967
./dataset/videos/c0/Face2Face/953_974.mp4,1,75.70377712673611,6.242293378005474
./dataset/videos/c0/Face2Face/955_078.mp4,1,64.16722981770833,6.003764796445262
./dataset/videos/c0/Face2Face/970_973.mp4,1,51.960026041666666,5.699330248732701
./dataset/videos/c0/Face2Face/973_970.mp4,1,54.42905092592593,5.766304975036396
./dataset/videos/c0/Face2Face/974_953.mp4,1,64.73349609,6.016440517205382
./dataset/videos/c0/Face2Face/995_233.mp4,1,47.784680989583336,5.578476282077875
./dataset/videos/c0/FaceShifter/000_003.mp4,1,100.88108072916667,6.656511826087374
./dataset/videos/c0/FaceShifter/003_000.mp4,1,61.491048177083336,5.9423044941108945
./dataset/videos/c0/FaceShifter/012_026.mp4,1,73.69995768229167,6.203591885828257
./dataset/videos/c0/FaceShifter/015_919.mp4,1,74.52303385416667,6.219614502892984
./dataset/videos/c0/FaceShifter/024_073.mp4,1,97.70501627604166,6.610360728429943
./dataset/videos/c0/FaceShifter/026_012.mp4,1,80.7437207,6.335278163205278
./dataset/videos/c0/FaceShifter/029_048.mp4,1,58.523080204778154,5.870933798731716
./dataset/videos/c0/FaceShifter/035_036.mp4,1,60.67932942708333,5.923133237203241
./dataset/videos/c0/FaceShifter/036_035.mp4,1,122.2630762,6.933844961041963
./dataset/videos/c0/FaceShifter/044_945.mp4,1,77.20642903645833,6.270649081666101
./dataset/videos/c0/FaceShifter/047_862.mp4,1,47.29415495706479,5.563589988060391
./dataset/videos/c0/FaceShifter/048_029.mp4,1,70.54790039,6.140531241620493
./dataset/videos/c0/FaceShifter/073_024.mp4,1,43.64321940104167,5.447685622823061
./dataset/videos/c0/FaceShifter/078_955.mp4,1,51.77588758680555,5.6942084754646185
./dataset/videos/c0/FaceShifter/102_114.mp4,1,66.08111689814815,6.046166166175623
./dataset/videos/c0/FaceShifter/114_102.mp4,1,55.045,5.782539617753996
./dataset/videos/c0/FaceShifter/128_896.mp4,1,57.25867513020833,5.839422384065159
./dataset/videos/c0/FaceShifter/135_880.mp4,1,45.82404297,5.518032845403615
./dataset/videos/c0/FaceShifter/138_142.mp4,1,49.61271875,5.632638113187692
./dataset/videos/c0/FaceShifter/141_161.mp4,1,81.58644613583138,6.350257593692213
./dataset/videos/c0/FaceShifter/142_138.mp4,1,59.783770833333335,5.901681992
./dataset/videos/c0/FaceShifter/154_386.mp4,1,106.71617078993056,6.737634995278957
./dataset/videos/c0/FaceShifter/158_379.mp4,1,76.48602539,6.257124274832146
./dataset/videos/c0/FaceShifter/161_141.mp4,1,81.1915625,6.343257903924826
./dataset/videos/c0/FaceShifter/169_227.mp4,1,61.48443359,5.942149295262403
./dataset/videos/c0/FaceShifter/170_186.mp4,1,49.01222994,5.615069882
./dataset/videos/c0/FaceShifter/176_190.mp4,1,94.66537278,6.564764900182036
./dataset/videos/c0/FaceShifter/186_170.mp4,1,105.84407118055556,6.725796649314215
./dataset/videos/c0/FaceShifter/190_176.mp4,1,60.63656394675926,5.922116098438904
./dataset/videos/c0/FaceShifter/214_255.mp4,1,109.1584162763466,6.770279558326499
./dataset/videos/c0/FaceShifter/219_220.mp4,1,59.619710286458336,5.8977174596611714
./dataset/videos/c0/FaceShifter/220_219.mp4,1,70.28640914351851,6.135173845965927
./dataset/videos/c0/FaceShifter/227_169.mp4,1,64.96061523,6.021493391070837
./dataset/videos/c0/FaceShifter/233_995.mp4,1,60.98817274305556,5.930457587081985
./dataset/videos/c0/FaceShifter/249_280.mp4,1,97.97053571428572,6.6142760240100715
./dataset/videos/c0/FaceShifter/255_214.mp4,1,80.89339626736111,6.337950027935764
./dataset/videos/c0/FaceShifter/257_420.mp4,1,89.33829712906504,6.481206850682923
./dataset/videos/c0/FaceShifter/278_306.mp4,1,67.32246419270834,6.073016079
./dataset/videos/c0/FaceShifter/280_249.mp4,1,80.51852557,6.331248849136834
./dataset/videos/c0/FaceShifter/288_321.mp4,1,39.33904947916667,5.297890194134223
./dataset/videos/c0/FaceShifter/306_278.mp4,1,59.479364583333336,5.894317330082494
./dataset/videos/c0/FaceShifter/308_388.mp4,1,52.879063585069446,5.724624723829444
./dataset/videos/c0/FaceShifter/314_347.mp4,1,42.18170464409722,5.3985454932881165
./dataset/videos/c0/FaceShifter/319_352.mp4,1,47.32379732630757,5.564493937035693
./dataset/videos/c0/FaceShifter/321_288.mp4,1,88.42943033854166,6.466454690038659
./dataset/videos/c0/FaceShifter/347_314.mp4,1,61.41393687,5.940494183
./dataset/videos/c0/FaceShifter/352_319.mp4,1,133.48659143518518,7.060551022013431
./dataset/videos/c0/FaceShifter/358_380.mp4,1,77.71513997395833,6.280123777659533
./dataset/videos/c0/FaceShifter/367_371.mp4,1,63.98702148,5.999707407204617
./dataset/videos/c0/FaceShifter/371_367.mp4,1,104.2731736111111,6.704224232807248
./dataset/videos/c0/FaceShifter/376_381.mp4,1,33.28607855902778,5.056847011124533
./dataset/videos/c0/FaceShifter/379_158.mp4,1,96.60871744791666,6.594081470816304
./dataset/videos/c0/FaceShifter/380_358.mp4,1,91.87470703,6.5215958392857765
./dataset/videos/c0/FaceShifter/381_376.mp4,1,84.31814659552846,6.39777125
./dataset/videos/c0/FaceShifter/384_932.mp4,1,47.15323109567901,5.559284727420796
./dataset/videos/c0/FaceShifter/386_154.mp4,1,52.523190104166666,5.714882638835067
./dataset/videos/c0/FaceShifter/388_308.mp4,1,110.44833658854166,6.787227881
./dataset/videos/c0/FaceShifter/389_480.mp4,1,61.09084683641975,5.932884333967093
./dataset/videos/c0/FaceShifter/399_488.mp4,1,67.63279622395834,6.079651097
./dataset/videos/c0/FaceShifter/404_429.mp4,1,89.87279947916667,6.489812637
./dataset/videos/c0/FaceShifter/418_507.mp4,1,86.72654622395834,6.438401752
./dataset/videos/c0/FaceShifter/420_257.mp4,1,74.22618055555556,6.213856229116147
./dataset/videos/c0/FaceShifter/421_423.mp4,1,82.16073242,6.360377138
./dataset/videos/c0/FaceShifter/422_695.mp4,1,84.45266541280864,6.400071051568947
./dataset/videos/c0/FaceShifter/423_421.mp4,1,72.85454988851728,6.186947168709431
./dataset/videos/c0/FaceShifter/425_485.mp4,1,76.10315427400468,6.249884345740448
./dataset/videos/c0/FaceShifter/429_404.mp4,1,109.65369982215446,6.776810680537016
./dataset/videos/c0/FaceShifter/445_494.mp4,1,47.12757703993056,5.5584996051747675
./dataset/videos/c0/FaceShifter/452_550.mp4,1,97.73324869791666,6.610777543175203
./dataset/videos/c0/FaceShifter/454_527.mp4,1,107.63523614363778,6.7500066346575975
./dataset/videos/c0/FaceShifter/462_467.mp4,1,122.48560872395834,6.936468441514866
./dataset/videos/c0/FaceShifter/467_462.mp4,1,94.32958008,6.559638340233706
./dataset/videos/c0/FaceShifter/479_706.mp4,1,76.72897038966049,6.261699490688538
./dataset/videos/c0/FaceShifter/480_389.mp4,1,92.73923828,6.535107971994709
./dataset/videos/c0/FaceShifter/485_425.mp4,1,91.98956626,6.5233983303705045
./dataset/videos/c0/FaceShifter/488_399.mp4,1,103.90234923887587,6.6990844638143505
./dataset/videos/c0/FaceShifter/494_445.mp4,1,54.43243923611111,5.766394782704754
./dataset/videos/c0/FaceShifter/507_418.mp4,1,78.47295187114197,6.294123565124744
./dataset/videos/c0/FaceShifter/517_521.mp4,1,102.9417112640163,6.685683860447056
./dataset/videos/c0/FaceShifter/521_517.mp4,1,97.13929361979167,6.601983090257348
./dataset/videos/c0/FaceShifter/527_454.mp4,1,44.55850911458333,5.477629057166291
./dataset/videos/c0/FaceShifter/529_633.mp4,1,65.52356336805556,6.033941912086561
./dataset/videos/c0/FaceShifter/550_452.mp4,1,59.31973633,5.890440280020568
./dataset/videos/c0/FaceShifter/552_851.mp4,1,52.27593098958334,5.708074945094754
./dataset/videos/c0/FaceShifter/579_701.mp4,1,68.04018711419754,6.088315203
./dataset/videos/c0/FaceShifter/607_683.mp4,1,73.31287663966049,6.19599471
./dataset/videos/c0/FaceShifter/608_675.mp4,1,90.57150347222222,6.500985301161791
./dataset/videos/c0/FaceShifter/623_630.mp4,1,79.8412207,6.319061873289012
./dataset/videos/c0/FaceShifter/625_650.mp4,1,91.26257486979166,6.511951453245497
./dataset/videos/c0/FaceShifter/630_623.mp4,1,105.03633138020834,6.714744622770783
./dataset/videos/c0/FaceShifter/633_529.mp4,1,86.29222656,6.431158698267931
./dataset/videos/c0/FaceShifter/634_660.mp4,1,74.06188802083334,6.210659422733043
./dataset/videos/c0/FaceShifter/650_625.mp4,1,93.74543635670732,6.5506765549213615
./dataset/videos/c0/FaceShifter/660_634.mp4,1,105.0545920138889,6.714995414430843
./dataset/videos/c0/FaceShifter/661_670.mp4,1,57.753160807291664,5.851828002
./dataset/videos/c0/FaceShifter/669_682.mp4,1,36.92188151041667,5.206404168363555
./dataset/videos/c0/FaceShifter/670_661.mp4,1,94.01511393229167,6.554820798937158
./dataset/videos/c0/FaceShifter/675_608.mp4,1,70.71930208333333,6.144032131976968
./dataset/videos/c0/FaceShifter/682_669.mp4,1,51.698489583333334,5.692050226443702
./dataset/videos/c0/FaceShifter/683_607.mp4,1,74.24506269290123,6.214223184567733
./dataset/videos/c0/FaceShifter/691_732.mp4,1,47.17360894097222,5.559908071037405
./dataset/videos/c0/FaceShifter/695_422.mp4,1,61.020314429012345,5.931217708825696
./dataset/videos/c0/FaceShifter/701_579.mp4,1,56.03993055555556,5.808383262875621
./dataset/videos/c0/FaceShifter/705_707.mp4,1,45.82238729508197,5.517980718284565
./dataset/videos/c0/FaceShifter/706_479.mp4,1,70.73163966049383,6.144283800311046
./dataset/videos/c0/FaceShifter/707_705.mp4,1,75.9659031,6.247280112625791
./dataset/videos/c0/FaceShifter/714_842.mp4,1,77.27365017361112,6.271904643002297
./dataset/videos/c0/FaceShifter/724_725.mp4,1,118.33348234953704,6.886714530443869
./dataset/videos/c0/FaceShifter/725_724.mp4,1,109.76839518229167,6.778318919188645
./dataset/videos/c0/FaceShifter/731_741.mp4,1,63.59178472222222,5.990768493949633
./dataset/videos/c0/FaceShifter/732_691.mp4,1,123.39670486111112,6.947160059594257
./dataset/videos/c0/FaceShifter/739_865.mp4,1,151.61338324652777,7.244253298766541
./dataset/videos/c0/FaceShifter/741_731.mp4,1,63.93682942708333,5.998575298761248
./dataset/videos/c0/FaceShifter/755_759.mp4,1,66.31054839968775,6.051166481265006
./dataset/videos/c0/FaceShifter/759_755.mp4,1,114.26760320216049,6.836272622858494
./dataset/videos/c0/FaceShifter/801_855.mp4,1,70.85043619791666,6.146704830156754
./dataset/videos/c0/FaceShifter/812_821.mp4,1,107.45013020833333,6.747523420802897
./dataset/videos/c0/FaceShifter/821_812.mp4,1,83.38177376,6.381660157446456
./dataset/videos/c0/FaceShifter/842_714.mp4,1,129.95998158028456,7.021923634076196
./dataset/videos/c0/FaceShifter/847_906.mp4,1,114.10964518229167,6.8342769311695495
./dataset/videos/c0/FaceShifter/851_552.mp4,1,68.51850043402777,6.098421672
./dataset/videos/c0/FaceShifter/855_801.mp4,1,95.85427083333333,6.582770808187193
./dataset/videos/c0/FaceShifter/862_047.mp4,1,47.044690755208336,5.555960011181661
./dataset/videos/c0/FaceShifter/865_739.mp4,1,109.44565152391975,6.774070824517393
./dataset/videos/c0/FaceShifter/868_949.mp4,1,93.32452535677879,6.544184360969549
./dataset/videos/c0/FaceShifter/880_135.mp4,1,34.12303047839506,5.092673873489767
./dataset/videos/c0/FaceShifter/896_128.mp4,1,49.576158854166664,5.631574591
./dataset/videos/c0/FaceShifter/906_847.mp4,1,53.45720244984568,5.740312434575728
./dataset/videos/c0/FaceShifter/917_924.mp4,1,84.00853658536586,6.392464030678982
./dataset/videos/c0/FaceShifter/919_015.mp4,1,58.021295572916664,5.858510605103621
./dataset/videos/c0/FaceShifter/924_917.mp4,1,65.86202777777778,6.041375025586317
./dataset/videos/c0/FaceShifter/932_384.mp4,1,85.54466362847222,6.4186059554832555
./dataset/videos/c0/FaceShifter/945_044.mp4,1,88.60161783854167,6.469261137079974
./dataset/videos/c0/FaceShifter/949_868.mp4,1,73.38958984,6.1975035292647025
./dataset/videos/c0/FaceShifter/953_974.mp4,1,84.16205295138889,6.395097991374333
./dataset/videos/c0/FaceShifter/955_078.mp4,1,89.14311523,6.4780514737721075
./dataset/videos/c0/FaceShifter/970_973.mp4,1,59.305481453252035,5.8900935504166725
./dataset/videos/c0/FaceShifter/973_970.mp4,1,61.19044097222222,5.935234390957333
./dataset/videos/c0/FaceShifter/974_953.mp4,1,68.53142013888889,6.098693678371382
./dataset/videos/c0/FaceShifter/995_233.mp4,1,57.51399088541667,5.845841044435732
./dataset/videos/c0/FaceSwap/000_003.mp4,1,96.06944010416667,6.586005674463221
./dataset/videos/c0/FaceSwap/003_000.mp4,1,57.47824869791667,5.844944199944239
./dataset/videos/c0/FaceSwap/012_026.mp4,1,67.29212891,6.0723658589797225
./dataset/videos/c0/FaceSwap/015_919.mp4,1,68.13120442708333,6.090243805919006
./dataset/videos/c0/FaceSwap/024_073.mp4,1,86.57731770833334,6.435917199331946
./dataset/videos/c0/FaceSwap/026_012.mp4,1,74.44841471354167,6.218169223624059
./dataset/videos/c0/FaceSwap/029_048.mp4,1,50.02164035836177,5.644480463
./dataset/videos/c0/FaceSwap/035_036.mp4,1,50.22731445,5.650400234146848
./dataset/videos/c0/FaceSwap/036_035.mp4,1,115.1450781,6.847308934241017
./dataset/videos/c0/FaceSwap/044_945.mp4,1,68.77186848958333,6.103746638154317
./dataset/videos/c0/FaceSwap/047_862.mp4,1,41.24235216627635,5.366054710858447
./dataset/videos/c0/FaceSwap/048_029.mp4,1,61.735270182291664,5.948023050695242
./dataset/videos/c0/FaceSwap/073_024.mp4,1,38.39315212673611,5.262777107036934
./dataset/videos/c0/FaceSwap/078_955.mp4,1,40.41765733506944,5.336913798370882
./dataset/videos/c0/FaceSwap/102_114.mp4,1,57.847254050925926,5.8541765726101715
./dataset/videos/c0/FaceSwap/114_102.mp4,1,48.37035481770833,5.596051215509069
./dataset/videos/c0/FaceSwap/128_896.mp4,1,53.219332682291665,5.733878515394351
./dataset/videos/c0/FaceSwap/135_880.mp4,1,40.223057725694446,5.329950853259051
./dataset/videos/c0/FaceSwap/138_142.mp4,1,45.85967013888889,5.519154072773782
./dataset/videos/c0/FaceSwap/141_161.mp4,1,77.6675644,6.2792403197099125
./dataset/videos/c0/FaceSwap/142_138.mp4,1,57.552395833333335,5.846804082061963
./dataset/videos/c0/FaceSwap/154_386.mp4,1,90.98909613715277,6.5076217622712935
./dataset/videos/c0/FaceSwap/158_379.mp4,1,76.16835938,6.251119916062725
./dataset/videos/c0/FaceSwap/161_141.mp4,1,66.54832031,6.056330347690072
./dataset/videos/c0/FaceSwap/169_227.mp4,1,50.526858723958334,5.658978584674227
./dataset/videos/c0/FaceSwap/170_186.mp4,1,46.643292824074074,5.543597735339879
./dataset/videos/c0/FaceSwap/176_190.mp4,1,86.72596498842593,6.438392083166633
./dataset/videos/c0/FaceSwap/186_170.mp4,1,105.16580102237654,6.716521819150163
./dataset/videos/c0/FaceSwap/190_176.mp4,1,58.13532166280864,5.8613430727008335
./dataset/videos/c0/FaceSwap/214_255.mp4,1,100.30970677205309,6.648317409227478
./dataset/videos/c0/FaceSwap/219_220.mp4,1,54.900731336805556,5.778753462495889
./dataset/videos/c0/FaceSwap/220_219.mp4,1,62.56023438,5.967174012440186
./dataset/videos/c0/FaceSwap/227_169.mp4,1,60.353282335069444,5.915360329492455
./dataset/videos/c0/FaceSwap/233_995.mp4,1,60.55142035590278,5.920088896530892
./dataset/videos/c0/FaceSwap/249_280.mp4,1,89.51180718188915,6.484006091
./dataset/videos/c0/FaceSwap/255_214.mp4,1,75.55612521701389,6.239476812
./dataset/videos/c0/FaceSwap/257_420.mp4,1,86.54758955792683,6.435421734453264
./dataset/videos/c0/FaceSwap/278_306.mp4,1,60.773763020833336,5.925376719062866
./dataset/videos/c0/FaceSwap/280_249.mp4,1,73.35271272443404,6.196778415410711
./dataset/videos/c0/FaceSwap/288_321.mp4,1,34.909436848958336,5.125545178739696
./dataset/videos/c0/FaceSwap/306_278.mp4,1,56.82845138888889,5.828541496463279
./dataset/videos/c0/FaceSwap/308_388.mp4,1,46.927631293402776,5.552365736001342
./dataset/videos/c0/FaceSwap/314_347.mp4,1,37.14208008,5.214982708070319
./dataset/videos/c0/FaceSwap/319_352.mp4,1,39.35225165886027,5.298374281169922
./dataset/videos/c0/FaceSwap/321_288.mp4,1,83.65870768229166,6.386443807012876
./dataset/videos/c0/FaceSwap/347_314.mp4,1,45.85249561,5.518928352
./dataset/videos/c0/FaceSwap/352_319.mp4,1,127.80156828703704,6.99776173
./dataset/videos/c0/FaceSwap/358_380.mp4,1,63.04910481770833,5.978403981948056
./dataset/videos/c0/FaceSwap/367_371.mp4,1,56.63080729166666,5.823515190974248
./dataset/videos/c0/FaceSwap/371_367.mp4,1,99.71227083333333,6.639699151978853
./dataset/videos/c0/FaceSwap/376_381.mp4,1,30.644595269097223,4.937560745768019
./dataset/videos/c0/FaceSwap/379_158.mp4,1,92.68178059895833,6.534213856360386
./dataset/videos/c0/FaceSwap/380_358.mp4,1,78.73398763020833,6.298914642953769
./dataset/videos/c0/FaceSwap/381_376.mp4,1,76.91861344004064,6.2652608513092325
./dataset/videos/c0/FaceSwap/384_932.mp4,1,44.002513020833334,5.459514014527379
./dataset/videos/c0/FaceSwap/386_154.mp4,1,43.896928530092595,5.456048092747643
./dataset/videos/c0/FaceSwap/388_308.mp4,1,99.72534830729167,6.639888352059915
./dataset/videos/c0/FaceSwap/389_480.mp4,1,57.42534433,5.843615697075219
./dataset/videos/c0/FaceSwap/399_488.mp4,1,62.15993381076389,5.9579130624210555
./dataset/videos/c0/FaceSwap/404_429.mp4,1,80.84310221354167,6.337052778582009
./dataset/videos/c0/FaceSwap/418_507.mp4,1,84.51656358506945,6.401162203859617
./dataset/videos/c0/FaceSwap/420_257.mp4,1,72.65013541666667,6.182893581868278
./dataset/videos/c0/FaceSwap/421_423.mp4,1,77.49847656,6.2760960455667725
./dataset/videos/c0/FaceSwap/422_695.mp4,1,84.43989631558642,6.399852902076918
./dataset/videos/c0/FaceSwap/423_421.mp4,1,71.58570930880714,6.161599705183042
./dataset/videos/c0/FaceSwap/425_485.mp4,1,71.37498780249805,6.1573466888160535
./dataset/videos/c0/FaceSwap/429_404.mp4,1,102.41399263211382,6.678269031302421
./dataset/videos/c0/FaceSwap/445_494.mp4,1,40.683597005208334,5.346375334362078
./dataset/videos/c0/FaceSwap/452_550.mp4,1,88.62691080729167,6.469672922260515
./dataset/videos/c0/FaceSwap/454_527.mp4,1,95.29273028883685,6.574294252608224
./dataset/videos/c0/FaceSwap/462_467.mp4,1,108.79533528645834,6.765472890633525
./dataset/videos/c0/FaceSwap/467_462.mp4,1,85.82191080729167,6.423274117641276
./dataset/videos/c0/FaceSwap/479_706.mp4,1,71.98493634259259,6.169623132865354
./dataset/videos/c0/FaceSwap/480_389.mp4,1,87.77727430555555,6.455775566646644
./dataset/videos/c0/FaceSwap/485_425.mp4,1,84.41053132318501,6.399351100216742
./dataset/videos/c0/FaceSwap/488_399.mp4,1,82.96086066,6.374358956
./dataset/videos/c0/FaceSwap/494_445.mp4,1,46.610430772569444,5.542580941181466
./dataset/videos/c0/FaceSwap/507_418.mp4,1,77.26997492283951,6.271836025
./dataset/videos/c0/FaceSwap/517_521.mp4,1,98.33194125891947,6.619588219598529
./dataset/videos/c0/FaceSwap/521_517.mp4,1,89.74922200520834,6.487827527816449
./dataset/videos/c0/FaceSwap/527_454.mp4,1,40.09732855902778,5.3254342167788655
./dataset/videos/c0/FaceSwap/529_633.mp4,1,60.45462094907408,5.917780713361261
./dataset/videos/c0/FaceSwap/550_452.mp4,1,54.09668619791667,5.7574683164393035
./dataset/videos/c0/FaceSwap/552_851.mp4,1,47.24151584201389,5.561983352227646
./dataset/videos/c0/FaceSwap/579_701.mp4,1,61.87381317515432,5.951257042357023
./dataset/videos/c0/FaceSwap/607_683.mp4,1,63.77717737268519,5.994968343613617
./dataset/videos/c0/FaceSwap/608_675.mp4,1,85.38404861111111,6.415894666616654
./dataset/videos/c0/FaceSwap/623_630.mp4,1,71.81438802083333,6.1662010120106086
./dataset/videos/c0/FaceSwap/625_650.mp4,1,83.36932291666666,6.381444713357574
./dataset/videos/c0/FaceSwap/630_623.mp4,1,98.33513672,6.619635101609475
./dataset/videos/c0/FaceSwap/633_529.mp4,1,74.98136067708333,6.228460101151786
./dataset/videos/c0/FaceSwap/634_660.mp4,1,70.49542209201388,6.139457668149284
./dataset/videos/c0/FaceSwap/650_625.mp4,1,82.45595782520326,6.365551833721017
./dataset/videos/c0/FaceSwap/660_634.mp4,1,98.71588975694445,6.625210420992179
./dataset/videos/c0/FaceSwap/661_670.mp4,1,54.78636935763889,5.775745095624127
./dataset/videos/c0/FaceSwap/669_682.mp4,1,30.950475260416667,4.9518896578190486
./dataset/videos/c0/FaceSwap/670_661.mp4,1,87.37546549479167,6.449156331386751
./dataset/videos/c0/FaceSwap/675_608.mp4,1,65.16287152777778,6.025978275294754
./dataset/videos/c0/FaceSwap/682_669.mp4,1,45.84475347222222,5.518684734428499
./dataset/videos/c0/FaceSwap/683_607.mp4,1,64.82580729166666,6.018496362312743
./dataset/videos/c0/FaceSwap/691_732.mp4,1,41.443874782986114,5.373086988569808
./dataset/videos/c0/FaceSwap/695_422.mp4,1,56.671181037808644,5.824543363677398
./dataset/videos/c0/FaceSwap/701_579.mp4,1,50.673287037037035,5.6631535104504565
./dataset/videos/c0/FaceSwap/705_707.mp4,1,34.50552546838407,5.108755498156355
./dataset/videos/c0/FaceSwap/706_479.mp4,1,65.28932002314815,6.028775111011556
./dataset/videos/c0/FaceSwap/707_705.mp4,1,64.24252293130367,6.005456646351056
./dataset/videos/c0/FaceSwap/714_842.mp4,1,73.77154622395834,6.204992569206727
./dataset/videos/c0/FaceSwap/724_725.mp4,1,118.70201195987654,6.891200578165975
./dataset/videos/c0/FaceSwap/725_724.mp4,1,95.05036349826389,6.570620239027259
./dataset/videos/c0/FaceSwap/731_741.mp4,1,55.920881944444446,5.8053152089419635
./dataset/videos/c0/FaceSwap/732_691.mp4,1,112.34089236111112,6.811739357656445
./dataset/videos/c0/FaceSwap/739_865.mp4,1,111.0406055,6.794943529377577
./dataset/videos/c0/FaceSwap/741_731.mp4,1,54.05138346354167,5.7562596395900725
./dataset/videos/c0/FaceSwap/755_759.mp4,1,54.68069867291179,5.7729597717286545
./dataset/videos/c0/FaceSwap/759_755.mp4,1,107.57004002700617,6.749132510019941
./dataset/videos/c0/FaceSwap/801_855.mp4,1,63.54773438,5.989768785590169
./dataset/videos/c0/FaceSwap/812_821.mp4,1,98.39079572,6.620451455231585
./dataset/videos/c0/FaceSwap/821_812.mp4,1,74.35495669475655,6.216357014173625
./dataset/videos/c0/FaceSwap/842_714.mp4,1,118.53437182418699,6.889161652864459
./dataset/videos/c0/FaceSwap/847_906.mp4,1,106.08538194444445,6.729082063282828
./dataset/videos/c0/FaceSwap/851_552.mp4,1,64.00046875,6.000010566575373
./dataset/videos/c0/FaceSwap/855_801.mp4,1,83.74921875,6.388003827306236
./dataset/videos/c0/FaceSwap/862_047.mp4,1,42.72812065972222,5.4171139582549745
./dataset/videos/c0/FaceSwap/865_739.mp4,1,125.8904793595679,6.976025371162846
./dataset/videos/c0/FaceSwap/868_949.mp4,1,83.19674120795106,6.378455114417141
./dataset/videos/c0/FaceSwap/880_135.mp4,1,33.478987268518516,5.065183982250402
./dataset/videos/c0/FaceSwap/896_128.mp4,1,46.45875,5.5378784329974655
./dataset/videos/c0/FaceSwap/906_847.mp4,1,48.71530189,5.606303101157115
./dataset/videos/c0/FaceSwap/917_924.mp4,1,78.72894754,6.2988222870029995
./dataset/videos/c0/FaceSwap/919_015.mp4,1,52.894720052083336,5.725051814677612
./dataset/videos/c0/FaceSwap/924_917.mp4,1,58.124663194444445,5.861078546268726
./dataset/videos/c0/FaceSwap/932_384.mp4,1,78.13641384548612,6.287923137892208
./dataset/videos/c0/FaceSwap/945_044.mp4,1,72.13238932291667,6.172575307515083
./dataset/videos/c0/FaceSwap/949_868.mp4,1,64.01146809895833,6.000258491989594
./dataset/videos/c0/FaceSwap/953_974.mp4,1,77.23008138020833,6.271090986487808
./dataset/videos/c0/FaceSwap/955_078.mp4,1,73.01714192708333,6.190163294085783
./dataset/videos/c0/FaceSwap/970_973.mp4,1,51.41534552845528,5.684127108268779
./dataset/videos/c0/FaceSwap/973_970.mp4,1,51.225125,5.678779694605291
./dataset/videos/c0/FaceSwap/974_953.mp4,1,60.503315972222225,5.918942308441256
./dataset/videos/c0/FaceSwap/995_233.mp4,1,48.50650716145833,5.600106393111802
./dataset/videos/c0/NeuralTextures/000_003.mp4,1,93.91184895833334,6.553235290625522
./dataset/videos/c0/NeuralTextures/003_000.mp4,1,58.89522461,5.880078755909605
./dataset/videos/c0/NeuralTextures/012_026.mp4,1,68.14388997395834,6.090512400495306
./dataset/videos/c0/NeuralTextures/015_919.mp4,1,73.99951822916667,6.209443973052536
./dataset/videos/c0/NeuralTextures/024_073.mp4,1,97.98364583333333,6.614469068155538
./dataset/videos/c0/NeuralTextures/026_012.mp4,1,76.74010091145833,6.2619087569399365
./dataset/videos/c0/NeuralTextures/029_048.mp4,1,57.164283130787034,5.837042111741748
./dataset/videos/c0/NeuralTextures/035_036.mp4,1,54.00108072916667,5.754916375256197
./dataset/videos/c0/NeuralTextures/036_035.mp4,1,116.99429036458334,6.870294313910773
./dataset/videos/c0/NeuralTextures/044_945.mp4,1,72.70314344618056,6.183945837796669
./dataset/videos/c0/NeuralTextures/047_862.mp4,1,47.41935096153846,5.5674040113770875
./dataset/videos/c0/NeuralTextures/048_029.mp4,1,68.33003580729167,6.094447977721991
./dataset/videos/c0/NeuralTextures/073_024.mp4,1,43.812754991319444,5.453279030555936
./dataset/videos/c0/NeuralTextures/078_955.mp4,1,53.30382813,5.736167241729832
./dataset/videos/c0/NeuralTextures/102_114.mp4,1,64.37007575757576,6.008318261653497
./dataset/videos/c0/NeuralTextures/114_102.mp4,1,52.74333008,5.720916757017563
./dataset/videos/c0/NeuralTextures/128_896.mp4,1,54.12758138020833,5.758292019449502
./dataset/videos/c0/NeuralTextures/135_880.mp4,1,43.54065104166666,5.444291074475075
./dataset/videos/c0/NeuralTextures/138_142.mp4,1,49.85149016203704,5.6395647252329795
./dataset/videos/c0/NeuralTextures/141_161.mp4,1,85.21335887419872,6.413007713962715
./dataset/videos/c0/NeuralTextures/142_138.mp4,1,61.05617404513889,5.932065283858179
./dataset/videos/c0/NeuralTextures/154_386.mp4,1,103.38518120659722,6.691885600457858
./dataset/videos/c0/NeuralTextures/158_379.mp4,1,75.69247721354166,6.242078018268479
./dataset/videos/c0/NeuralTextures/161_141.mp4,1,68.24078125,6.092562258235372
./dataset/videos/c0/NeuralTextures/169_227.mp4,1,56.1603125,5.8114790583244575
./dataset/videos/c0/NeuralTextures/170_186.mp4,1,51.594497010030864,5.689145293099622
./dataset/videos/c0/NeuralTextures/176_190.mp4,1,92.63142554012346,6.533429810830483
./dataset/videos/c0/NeuralTextures/186_170.mp4,1,104.90391444830247,6.712924702
./dataset/videos/c0/NeuralTextures/190_176.mp4,1,57.911763117283954,5.855784515076128
./dataset/videos/c0/NeuralTextures/214_255.mp4,1,109.82461438301281,6.779057623612941
./dataset/videos/c0/NeuralTextures/219_220.mp4,1,56.848529730902776,5.829051132177891
./dataset/videos/c0/NeuralTextures/220_219.mp4,1,65.93652936,6.043006046005847
./dataset/videos/c0/NeuralTextures/227_169.mp4,1,70.04844943576389,6.130281210981109
./dataset/videos/c0/NeuralTextures/233_995.mp4,1,60.32834743923611,5.914764158374398
./dataset/videos/c0/NeuralTextures/249_280.mp4,1,100.19526993189102,6.646670592450782
./dataset/videos/c0/NeuralTextures/255_214.mp4,1,78.54494683159722,6.295446557988039
./dataset/videos/c0/NeuralTextures/257_420.mp4,1,89.44518229166667,6.482931872624563
./dataset/videos/c0/NeuralTextures/278_306.mp4,1,61.88226236979167,5.951454036503259
./dataset/videos/c0/NeuralTextures/280_249.mp4,1,81.62059795673076,6.350861374780731
./dataset/videos/c0/NeuralTextures/288_321.mp4,1,35.899007161458336,5.165872039686461
./dataset/videos/c0/NeuralTextures/306_278.mp4,1,62.31474971064815,5.961501780060094
./dataset/videos/c0/NeuralTextures/308_388.mp4,1,48.75209092881944,5.607392190835741
./dataset/videos/c0/NeuralTextures/314_347.mp4,1,39.41014214409722,5.300495047870196
./dataset/videos/c0/NeuralTextures/319_352.mp4,1,48.10806290064102,5.588206805
./dataset/videos/c0/NeuralTextures/321_288.mp4,1,84.16787434895834,6.395197777568535
./dataset/videos/c0/NeuralTextures/347_314.mp4,1,71.25912209535257,6.155002804621793
./dataset/videos/c0/NeuralTextures/352_319.mp4,1,130.9290098248106,7.032640979139291
./dataset/videos/c0/NeuralTextures/358_380.mp4,1,69.60124674479167,6.121041244
./dataset/videos/c0/NeuralTextures/367_371.mp4,1,58.61160807291667,5.873114514667184
./dataset/videos/c0/NeuralTextures/371_367.mp4,1,104.16130642361111,6.7026756382358155
./dataset/videos/c0/NeuralTextures/376_381.mp4,1,31.237925347222223,4.965226735605914
./dataset/videos/c0/NeuralTextures/379_158.mp4,1,93.14608723958334,6.541423262458893
./dataset/videos/c0/NeuralTextures/380_358.mp4,1,84.16766602,6.395194206588026
./dataset/videos/c0/NeuralTextures/381_376.mp4,1,83.81420898,6.3891229389740785
./dataset/videos/c0/NeuralTextures/384_932.mp4,1,45.43298466435185,5.505668179481195
./dataset/videos/c0/NeuralTextures/386_154.mp4,1,52.95199942129629,5.726613255039421
./dataset/videos/c0/NeuralTextures/388_308.mp4,1,99.81747721354166,6.641220536519734
./dataset/videos/c0/NeuralTextures/389_480.mp4,1,57.94269434799383,5.856554866691255
./dataset/videos/c0/NeuralTextures/399_488.mp4,1,69.83155707465278,6.125807236574648
./dataset/videos/c0/NeuralTextures/404_429.mp4,1,83.93910590277778,6.391271190985876
./dataset/videos/c0/NeuralTextures/418_507.mp4,1,77.89127604166667,6.283389847869741
./dataset/videos/c0/NeuralTextures/420_257.mp4,1,74.13296079282408,6.212043227155065
./dataset/videos/c0/NeuralTextures/421_423.mp4,1,78.23639648,6.289768017147779
./dataset/videos/c0/NeuralTextures/422_695.mp4,1,83.73285686728396,6.387721943922093
./dataset/videos/c0/NeuralTextures/423_421.mp4,1,80.55176505,6.331844296428019
./dataset/videos/c0/NeuralTextures/425_485.mp4,1,76.11196163862179,6.2500512981642515
./dataset/videos/c0/NeuralTextures/429_404.mp4,1,108.62993489583333,6.763277907785892
./dataset/videos/c0/NeuralTextures/445_494.mp4,1,44.13743164,5.463930776450088
./dataset/videos/c0/NeuralTextures/452_550.mp4,1,93.88182291666666,6.552773950034577
./dataset/videos/c0/NeuralTextures/454_527.mp4,1,107.13715444711538,6.743315073607296
./dataset/videos/c0/NeuralTextures/462_467.mp4,1,108.42180989583333,6.760511185060886
./dataset/videos/c0/NeuralTextures/467_462.mp4,1,88.34753255208334,6.465117937365638
./dataset/videos/c0/NeuralTextures/479_706.mp4,1,83.09489535108025,6.376687947600404
./dataset/videos/c0/NeuralTextures/480_389.mp4,1,87.24996744791666,6.447082687954776
./dataset/videos/c0/NeuralTextures/485_425.mp4,1,88.78624298878205,6.472264249960546
./dataset/videos/c0/NeuralTextures/488_399.mp4,1,91.30620492788462,6.512641000162691
./dataset/videos/c0/NeuralTextures/494_445.mp4,1,52.298639322916664,5.7087015066059115
./dataset/videos/c0/NeuralTextures/507_418.mp4,1,77.46804157021604,6.275529363
./dataset/videos/c0/NeuralTextures/517_521.mp4,1,105.3329199,6.718812585
./dataset/videos/c0/NeuralTextures/521_517.mp4,1,93.15150065104167,6.541507105754513
./dataset/videos/c0/NeuralTextures/527_454.mp4,1,43.26582573784722,5.435156031967795
./dataset/videos/c0/NeuralTextures/529_633.mp4,1,61.816875964506174,5.949928841539042
./dataset/videos/c0/NeuralTextures/550_452.mp4,1,54.77959309895834,5.7755666446784595
./dataset/videos/c0/NeuralTextures/552_851.mp4,1,50.693338758680554,5.663724280554061
./dataset/videos/c0/NeuralTextures/579_701.mp4,1,66.87372588734569,6.063367595
./dataset/videos/c0/NeuralTextures/607_683.mp4,1,72.23936824845678,6.174713371
./dataset/videos/c0/NeuralTextures/608_675.mp4,1,92.26352358217592,6.527688485464143
./dataset/videos/c0/NeuralTextures/623_630.mp4,1,74.3380957,6.216029826
./dataset/videos/c0/NeuralTextures/625_650.mp4,1,82.59601563,6.368000283593865
./dataset/videos/c0/NeuralTextures/630_623.mp4,1,100.16448893229166,6.646227313859545
./dataset/videos/c0/NeuralTextures/633_529.mp4,1,82.37436848958333,6.364123594850981
./dataset/videos/c0/NeuralTextures/634_660.mp4,1,70.53687282986111,6.140305711864213
./dataset/videos/c0/NeuralTextures/650_625.mp4,1,86.64230143229166,6.436999659865649
./dataset/videos/c0/NeuralTextures/660_634.mp4,1,101.06706922743055,6.659169188980064
./dataset/videos/c0/NeuralTextures/661_670.mp4,1,55.670872395833335,5.798850786161539
./dataset/videos/c0/NeuralTextures/669_682.mp4,1,32.02323242,5.001047035584746
./dataset/videos/c0/NeuralTextures/670_661.mp4,1,86.98301758,6.442661853924819
./dataset/videos/c0/NeuralTextures/675_608.mp4,1,74.12745949074075,6.2119361628256575
./dataset/videos/c0/NeuralTextures/682_669.mp4,1,53.554210069444444,5.742928089238443
./dataset/videos/c0/NeuralTextures/683_607.mp4,1,74.21177372685185,6.213576184022673
./dataset/videos/c0/NeuralTextures/691_732.mp4,1,42.883670789930555,5.4223564989051605
./dataset/videos/c0/NeuralTextures/695_422.mp4,1,59.82100983796296,5.902580359673018
./dataset/videos/c0/NeuralTextures/701_579.mp4,1,53.06308545524691,5.729636661173239
./dataset/videos/c0/NeuralTextures/705_707.mp4,1,45.47583633814103,5.507028265359913
./dataset/videos/c0/NeuralTextures/706_479.mp4,1,70.96363618827161,6.1490080303491155
./dataset/videos/c0/NeuralTextures/707_705.mp4,1,78.19654196714744,6.289032904502393
./dataset/videos/c0/NeuralTextures/714_842.mp4,1,72.59893012152777,6.1818763825059175
./dataset/videos/c0/NeuralTextures/724_725.mp4,1,117.44612702546296,6.875855328724785
./dataset/videos/c0/NeuralTextures/725_724.mp4,1,104.06712782118055,6.7013706194237415
./dataset/videos/c0/NeuralTextures/731_741.mp4,1,67.37159288194445,6.074068504583867
./dataset/videos/c0/NeuralTextures/732_691.mp4,1,119.10220992476852,6.896056372228854
./dataset/videos/c0/NeuralTextures/739_865.mp4,1,111.72185221354167,6.803767586846975
./dataset/videos/c0/NeuralTextures/741_731.mp4,1,56.57846028645833,5.822181010976138
./dataset/videos/c0/NeuralTextures/755_759.mp4,1,64.11760566907051,6.002648647113232
./dataset/videos/c0/NeuralTextures/759_755.mp4,1,107.57742476851851,6.749231548416442
./dataset/videos/c0/NeuralTextures/801_855.mp4,1,65.71189453,6.038082631767835
./dataset/videos/c0/NeuralTextures/812_821.mp4,1,106.65651929450758,6.736828341729843
./dataset/videos/c0/NeuralTextures/821_812.mp4,1,83.43569779829545,6.382592864860558
./dataset/videos/c0/NeuralTextures/842_714.mp4,1,124.64186848958333,6.9616449556974915
./dataset/videos/c0/NeuralTextures/847_906.mp4,1,113.6722656,6.828736490389407
./dataset/videos/c0/NeuralTextures/851_552.mp4,1,64.33792969,6.007597607538994
./dataset/videos/c0/NeuralTextures/855_801.mp4,1,90.96490885416667,6.507238205191318
./dataset/videos/c0/NeuralTextures/862_047.mp4,1,43.06159830729167,5.428329963561338
./dataset/videos/c0/NeuralTextures/865_739.mp4,1,124.2478800154321,6.957077425728761
./dataset/videos/c0/NeuralTextures/868_949.mp4,1,91.26036458333333,6.511916512220307
./dataset/videos/c0/NeuralTextures/880_135.mp4,1,34.55472752700617,5.110811198067865
./dataset/videos/c0/NeuralTextures/896_128.mp4,1,46.46543945,5.538086147284202
./dataset/videos/c0/NeuralTextures/906_847.mp4,1,53.86532841435185,5.751285044681124
./dataset/videos/c0/NeuralTextures/917_924.mp4,1,86.23822266,6.430255539774659
./dataset/videos/c0/NeuralTextures/919_015.mp4,1,55.86152344,5.8037830137568625
./dataset/videos/c0/NeuralTextures/924_917.mp4,1,67.49555844907407,6.076720663505304
./dataset/videos/c0/NeuralTextures/932_384.mp4,1,78.03829210069445,6.286110299220503
./dataset/videos/c0/NeuralTextures/945_044.mp4,1,79.19700086805555,6.307373892430768
./dataset/videos/c0/NeuralTextures/949_868.mp4,1,73.25669596354167,6.194888728714256
./dataset/videos/c0/NeuralTextures/953_974.mp4,1,80.60705838,6.3328342691152795
./dataset/videos/c0/NeuralTextures/955_078.mp4,1,95.96414388020834,6.584423551667808
./dataset/videos/c0/NeuralTextures/970_973.mp4,1,54.64827148,5.772103959304984
./dataset/videos/c0/NeuralTextures/973_970.mp4,1,61.33533709490741,5.938646587449969
./dataset/videos/c0/NeuralTextures/974_953.mp4,1,74.04023438,6.210237556966662
./dataset/videos/c0/NeuralTextures/995_233.mp4,1,52.29713541666667,5.708660019689362
